и;25;4,393673110720562;
Java;15;2,6362038664323375;
на;12;2,10896309314587;
в;7;1,2302284710017575;
ООП;6;1,054481546572935;
по;6;1,054481546572935;
р;6;1,054481546572935;
с;6;1,054481546572935;
т;6;1,054481546572935;
Developer;5;0,8787346221441125;
java;5;0,8787346221441125;
10;4;0,70298769771529;
5;4;0,70298769771529;
лет;4;0,70298769771529;
опыта;4;0,70298769771529;
от;4;0,70298769771529;
1;3;0,5272407732864675;
2;3;0,5272407732864675;
6;3;0,5272407732864675;
Курс;3;0,5272407732864675;
Основы;3;0,5272407732864675;
Принципы;3;0,5272407732864675;
безопасности;3;0,5272407732864675;
дизайна;3;0,5272407732864675;
зарплатой;3;0,5272407732864675;
зпл;3;0,5272407732864675;
их;3;0,5272407732864675;
курса;3;0,5272407732864675;
обучения;3;0,5272407732864675;
объектно;3;0,5272407732864675;
приложения;3;0,5272407732864675;
программирования;3;0,5272407732864675;
работы;3;0,5272407732864675;
00;2;0,351493848857645;
25;2;0,351493848857645;
28;2;0,351493848857645;
3;2;0,351493848857645;
30;2;0,351493848857645;
4;2;0,351493848857645;
8;2;0,351493848857645;
9;2;0,351493848857645;
util;2;0,351493848857645;
Архитектура;2;0,351493848857645;
Вы;2;0,351493848857645;
Дизайн;2;0,351493848857645;
Основные;2;0,351493848857645;
Пакет;2;0,351493848857645;
Паттерны;2;0,351493848857645;
Принцип;2;0,351493848857645;
С;2;0,351493848857645;
Средства;2;0,351493848857645;
Стандартная;2;0,351493848857645;
абстракций;2;0,351493848857645;
библиотека;2;0,351493848857645;
более;2;0,351493848857645;
будням;2;0,351493848857645;
будут;2;0,351493848857645;
время;2;0,351493848857645;
дает;2;0,351493848857645;
должность;2;0,351493848857645;
доступа;2;0,351493848857645;
занятий;2;0,351493848857645;
знания;2;0,351493848857645;
из;2;0,351493848857645;
классов;2;0,351493848857645;
классы;2;0,351493848857645;
курс;2;0,351493848857645;
между;2;0,351493848857645;
модель;2;0,351493848857645;
можете;2;0,351493848857645;
обеспечения;2;0,351493848857645;
ориентированного;2;0,351493848857645;
пакетов;2;0,351493848857645;
потоков;2;0,351493848857645;
преподавания;2;0,351493848857645;
преподавателей;2;0,351493848857645;
приложений;2;0,351493848857645;
программирование;2;0,351493848857645;
средства;2;0,351493848857645;
стать;2;0,351493848857645;
часов;2;0,351493848857645;
000;1;0,1757469244288225;
11;1;0,1757469244288225;
12;1;0,1757469244288225;
13;1;0,1757469244288225;
15;1;0,1757469244288225;
150;1;0,1757469244288225;
18;1;0,1757469244288225;
20;1;0,1757469244288225;
22;1;0,1757469244288225;
29;1;0,1757469244288225;
45;1;0,1757469244288225;
50;1;0,1757469244288225;
56;1;0,1757469244288225;
7;1;0,1757469244288225;
70;1;0,1757469244288225;
75;1;0,1757469244288225;
ADP;1;0,1757469244288225;
CCP;1;0,1757469244288225;
CRP;1;0,1757469244288225;
Delphi;1;0,1757469244288225;
Edition;1;0,1757469244288225;
GRASP;1;0,1757469244288225;
Generics;1;0,1757469244288225;
J2EE;1;0,1757469244288225;
J2ME;1;0,1757469244288225;
JRE;1;0,1757469244288225;
JSDK;1;0,1757469244288225;
JVM;1;0,1757469244288225;
Javа;1;0,1757469244288225;
Junior;1;0,1757469244288225;
MVC;1;0,1757469244288225;
Object;1;0,1757469244288225;
PHP;1;0,1757469244288225;
Python;1;0,1757469244288225;
REP;1;0,1757469244288225;
SAP;1;0,1757469244288225;
SDP;1;0,1757469244288225;
Standart;1;0,1757469244288225;
TCP;1;0,1757469244288225;
ThreadPoolExecutor;1;0,1757469244288225;
UML;1;0,1757469244288225;
concurrent;1;0,1757469244288225;
developer;1;0,1757469244288225;
io;1;0,1757469244288225;
lang;1;0,1757469244288225;
net;1;0,1757469244288225;
А;1;0,1757469244288225;
Абстракция;1;0,1757469244288225;
Академгородок;1;0,1757469244288225;
Акции;1;0,1757469244288225;
Атомарные;1;0,1757469244288225;
Базисы;1;0,1757469244288225;
Базовые;1;0,1757469244288225;
Бонусы;1;0,1757469244288225;
Вакансии;1;0,1757469244288225;
Введение;1;0,1757469244288225;
Ввод;1;0,1757469244288225;
Виртуальный;1;0,1757469244288225;
Внутренние;1;0,1757469244288225;
Время;1;0,1757469244288225;
Всеволод;1;0,1757469244288225;
Выделение;1;0,1757469244288225;
Главная;1;0,1757469244288225;
Деметера;1;0,1757469244288225;
Диаграммы;1;0,1757469244288225;
Длительность;1;0,1757469244288225;
Доменная;1;0,1757469244288225;
Домены;1;0,1757469244288225;
Дополнительные;1;0,1757469244288225;
Иерархии;1;0,1757469244288225;
Инверсии;1;0,1757469244288225;
Инженерная;1;0,1757469244288225;
Инкапсуляция;1;0,1757469244288225;
Информационный;1;0,1757469244288225;
Итоговое;1;0,1757469244288225;
Класс;1;0,1757469244288225;
Коллекции;1;0,1757469244288225;
Конкретные;1;0,1757469244288225;
Контроллеры;1;0,1757469244288225;
Краткое;1;0,1757469244288225;
Ленина;1;0,1757469244288225;
Лисков;1;0,1757469244288225;
Место;1;0,1757469244288225;
Метрики;1;0,1757469244288225;
Многопоточное;1;0,1757469244288225;
Многоуровневая;1;0,1757469244288225;
Многоуровневое;1;0,1757469244288225;
Модульности;1;0,1757469244288225;
Назначение;1;0,1757469244288225;
Начало;1;0,1757469244288225;
Николай;1;0,1757469244288225;
Объекты;1;0,1757469244288225;
Отношения;1;0,1757469244288225;
ПО;1;0,1757469244288225;
Параллелилизма;1;0,1757469244288225;
Перечисления;1;0,1757469244288225;
Перпективы;1;0,1757469244288225;
Платформа;1;0,1757469244288225;
По;1;0,1757469244288225;
Подстановки;1;0,1757469244288225;
Права;1;0,1757469244288225;
Преподаватели;1;0,1757469244288225;
Проблемы;1;0,1757469244288225;
Программа;1;0,1757469244288225;
Программист;1;0,1757469244288225;
Пул;1;0,1757469244288225;
Разбиение;1;0,1757469244288225;
Разделения;1;0,1757469244288225;
Разработка;1;0,1757469244288225;
Реализация;1;0,1757469244288225;
Рылов;1;0,1757469244288225;
Синхронизация;1;0,1757469244288225;
Синхронные;1;0,1757469244288225;
Сохраняемости;1;0,1757469244288225;
Срок;1;0,1757469244288225;
Стоимость;1;0,1757469244288225;
Стуркутурные;1;0,1757469244288225;
Суперклассы;1;0,1757469244288225;
Технопарка;1;0,1757469244288225;
Типизация;1;0,1757469244288225;
Толстокулаков;1;0,1757469244288225;
Требования;1;0,1757469244288225;
Управление;1;0,1757469244288225;
Формат;1;0,1757469244288225;
Цифровая;1;0,1757469244288225;
Через;1;0,1757469244288225;
Эволюция;1;0,1757469244288225;
архитектура;1;0,1757469244288225;
ассоциативные;1;0,1757469244288225;
аудиторных;1;0,1757469244288225;
базы;1;0,1757469244288225;
библиотеки;1;0,1757469244288225;
большой;1;0,1757469244288225;
ведущим;1;0,1757469244288225;
вечером;1;0,1757469244288225;
взаимоотношения;1;0,1757469244288225;
вкусные;1;0,1757469244288225;
возможность;1;0,1757469244288225;
востребованных;1;0,1757469244288225;
вывод;1;0,1757469244288225;
выдаются;1;0,1757469244288225;
выделения;1;0,1757469244288225;
выходной;1;0,1757469244288225;
выходным;1;0,1757469244288225;
год;1;0,1757469244288225;
года;1;0,1757469244288225;
группа;1;0,1757469244288225;
группы;1;0,1757469244288225;
даты;1;0,1757469244288225;
для;1;0,1757469244288225;
до;1;0,1757469244288225;
домашние;1;0,1757469244288225;
друга;1;0,1757469244288225;
его;1;0,1757469244288225;
есть;1;0,1757469244288225;
за;1;0,1757469244288225;
зависимостей;1;0,1757469244288225;
задания;1;0,1757469244288225;
задачи;1;0,1757469244288225;
заинтересованным;1;0,1757469244288225;
заказного;1;0,1757469244288225;
замки;1;0,1757469244288225;
занятиях;1;0,1757469244288225;
зацепление;1;0,1757469244288225;
здание;1;0,1757469244288225;
знаний;1;0,1757469244288225;
знаниями;1;0,1757469244288225;
или;1;0,1757469244288225;
имея;1;0,1757469244288225;
интерфейсов;1;0,1757469244288225;
исключения;1;0,1757469244288225;
итераторы;1;0,1757469244288225;
классами;1;0,1757469244288225;
контейнеры;1;0,1757469244288225;
контекст;1;0,1757469244288225;
контроль;1;0,1757469244288225;
концептуальных;1;0,1757469244288225;
который;1;0,1757469244288225;
кофебрейках;1;0,1757469244288225;
кто;1;0,1757469244288225;
лекционных;1;0,1757469244288225;
лучшим;1;0,1757469244288225;
любом;1;0,1757469244288225;
менеджеров;1;0,1757469244288225;
мере;1;0,1757469244288225;
месяца;1;0,1757469244288225;
метамодель;1;0,1757469244288225;
метро;1;0,1757469244288225;
минут;1;0,1757469244288225;
многопоточных;1;0,1757469244288225;
мобильные;1;0,1757469244288225;
моделирование;1;0,1757469244288225;
можно;1;0,1757469244288225;
набора;1;0,1757469244288225;
назначение;1;0,1757469244288225;
наследование;1;0,1757469244288225;
настройки;1;0,1757469244288225;
начала;1;0,1757469244288225;
наших;1;0,1757469244288225;
не;1;0,1757469244288225;
недель;1;0,1757469244288225;
обладает;1;0,1757469244288225;
обобщенного;1;0,1757469244288225;
объектами;1;0,1757469244288225;
объектного;1;0,1757469244288225;
объектов;1;0,1757469244288225;
одного;1;0,1757469244288225;
окончании;1;0,1757469244288225;
окончанию;1;0,1757469244288225;
октября;1;0,1757469244288225;
операторы;1;0,1757469244288225;
операции;1;0,1757469244288225;
описание;1;0,1757469244288225;
определены;1;0,1757469244288225;
опытом;1;0,1757469244288225;
ориентированном;1;0,1757469244288225;
основе;1;0,1757469244288225;
основные;1;0,1757469244288225;
основы;1;0,1757469244288225;
ответсвенности;1;0,1757469244288225;
ответственности;1;0,1757469244288225;
отношения;1;0,1757469244288225;
оформить;1;0,1757469244288225;
очереди;1;0,1757469244288225;
пакеты;1;0,1757469244288225;
параллельного;1;0,1757469244288225;
паттерны;1;0,1757469244288225;
перейти;1;0,1757469244288225;
печеньки;1;0,1757469244288225;
пл;1;0,1757469244288225;
поведенчиские;1;0,1757469244288225;
подклассы;1;0,1757469244288225;
подобные;1;0,1757469244288225;
подпись;1;0,1757469244288225;
подробности;1;0,1757469244288225;
подсиситемы;1;0,1757469244288225;
подхода;1;0,1757469244288225;
позволит;1;0,1757469244288225;
поиске;1;0,1757469244288225;
полгода;1;0,1757469244288225;
полиморфизм;1;0,1757469244288225;
политики;1;0,1757469244288225;
помогаем;1;0,1757469244288225;
последовательность;1;0,1757469244288225;
потоками;1;0,1757469244288225;
практического;1;0,1757469244288225;
предоставляются;1;0,1757469244288225;
претендовать;1;0,1757469244288225;
приведенного;1;0,1757469244288225;
принцип;1;0,1757469244288225;
принципов;1;0,1757469244288225;
принципы;1;0,1757469244288225;
проблемы;1;0,1757469244288225;
проведения;1;0,1757469244288225;
программировании;1;0,1757469244288225;
программного;1;0,1757469244288225;
проектирования;1;0,1757469244288225;
пути;1;0,1757469244288225;
раз;1;0,1757469244288225;
раза;1;0,1757469244288225;
разработки;1;0,1757469244288225;
разработчик;1;0,1757469244288225;
разработчиком;1;0,1757469244288225;
рассрочку;1;0,1757469244288225;
рассчитан;1;0,1757469244288225;
реализация;1;0,1757469244288225;
рекомендации;1;0,1757469244288225;
решаться;1;0,1757469244288225;
решения;1;0,1757469244288225;
рублей;1;0,1757469244288225;
рынке;1;0,1757469244288225;
самых;1;0,1757469244288225;
семинарских;1;0,1757469244288225;
сервера;1;0,1757469244288225;
сервисы;1;0,1757469244288225;
сериализация;1;0,1757469244288225;
сертификаты;1;0,1757469244288225;
сетевое;1;0,1757469244288225;
системы;1;0,1757469244288225;
скидка;1;0,1757469244288225;
слои;1;0,1757469244288225;
создания;1;0,1757469244288225;
создатель;1;0,1757469244288225;
сплоченность;1;0,1757469244288225;
станции;1;0,1757469244288225;
статический;1;0,1757469244288225;
стек;1;0,1757469244288225;
структурные;1;0,1757469244288225;
студентам;1;0,1757469244288225;
тестирование;1;0,1757469244288225;
тех;1;0,1757469244288225;
технологий;1;0,1757469244288225;
типы;1;0,1757469244288225;
трудоустройством;1;0,1757469244288225;
у;1;0,1757469244288225;
уровни;1;0,1757469244288225;
уточнить;1;0,1757469244288225;
часа;1;0,1757469244288225;
человек;1;0,1757469244288225;
через;1;0,1757469244288225;
эксперт;1;0,1757469244288225;
языке;1;0,1757469244288225;
языков;1;0,1757469244288225;
